Device Type:,RSA507A
Serial Number:,B010284
Start Freq:,980000000.0,Hz
Stop Freq:,1020000000.0,Hz
RBW:,9999.614997919994,Hz
Vertical Units:,dBm
Reference Level:,0.0,dBm
Trace Length:,801
Freq Step per Bin:,50000.0,Hz
Overrange,Date,Time,Latitude,Longitude,Altitude,Alt Units,Trace Data
0,06/20/17,15:12:32,"39°12'16.4160""","-77°49'13.9080""",17.7,M,-75.78,-81.78,-79.50,-76.50,-75.34,-82.99,-79.89,-81.96,-78.47,-82.51,-83.67,-78.27,-79.66,-76.04,-77.27,-78.72,-78.41,-79.23,-74.90,-84.25,-78.74,-80.19,-76.14,-77.37,-78.66,-77.20,-77.81,-79.15,-76.17,-85.32,-75.91,-75.82,-82.13,-77.92,-76.82,-77.31,-79.09,-77.29,-79.29,-77.38,-78.55,-79.26,-78.52,-72.72,-75.99,-81.45,-79.33,-82.63,-81.40,-74.66,-79.91,-77.72,-78.31,-81.50,-78.06,-78.29,-79.32,-80.07,-79.12,-80.65,-79.32,-78.23,-83.23,-79.79,-83.39,-76.66,-77.52,-79.14,-76.47,-76.60,-83.15,-78.91,-80.02,-78.01,-78.63,-80.86,-79.75,-78.76,-76.47,-81.10,-79.67,-75.13,-81.29,-77.56,-73.87,-79.43,-73.91,-77.72,-82.42,-78.91,-80.21,-80.33,-80.07,-74.73,-77.75,-78.72,-81.63,-78.68,-79.43,-79.77,-79.22,-76.30,-78.16,-79.23,-81.09,-78.58,-77.53,-75.05,-78.24,-76.67,-76.22,-81.15,-78.16,-73.80,-78.08,-74.64,-79.26,-76.10,-81.52,-81.89,-79.60,-77.55,-79.68,-79.07,-75.78,-78.74,-77.72,-79.63,-77.99,-77.03,-77.16,-78.25,-78.66,-79.79,-76.17,-77.34,-77.08,-75.96,-75.48,-78.75,-82.80,-78.32,-75.86,-76.09,-76.30,-78.47,-79.78,-79.34,-77.71,-78.49,-78.62,-78.71,-80.74,-80.44,-80.43,-77.52,-79.62,-79.57,-77.24,-80.56,-75.88,-84.13,-76.99,-76.55,-78.03,-73.42,-78.43,-76.21,-76.78,-81.36,-79.56,-78.12,-79.64,-78.01,-79.00,-74.45,-78.65,-79.11,-79.84,-77.85,-79.47,-75.94,-80.91,-78.40,-72.60,-79.65,-73.42,-76.96,-84.44,-80.11,-72.41,-73.16,-77.92,-74.54,-77.75,-74.91,-77.06,-77.32,-79.68,-74.93,-79.80,-76.17,-79.27,-76.13,-75.69,-76.28,-78.89,-79.47,-78.74,-81.18,-83.40,-82.50,-78.17,-78.77,-79.11,-78.04,-78.16,-79.49,-79.09,-76.40,-76.43,-79.29,-83.26,-83.33,-79.23,-75.37,-75.10,-73.44,-78.35,-81.46,-80.54,-79.27,-80.37,-75.09,-76.65,-84.73,-77.35,-77.94,-77.22,-78.01,-78.12,-79.72,-83.44,-78.78,-80.08,-73.82,-79.42,-76.57,-81.18,-78.26,-76.60,-74.78,-77.78,-74.36,-76.99,-77.97,-77.69,-78.12,-76.69,-81.50,-78.09,-80.29,-81.64,-78.57,-76.09,-79.91,-76.27,-78.30,-75.61,-72.70,-74.13,-81.93,-78.91,-75.14,-77.16,-72.46,-74.28,-80.05,-75.38,-79.29,-78.06,-76.87,-82.02,-77.77,-79.88,-78.56,-76.23,-79.47,-76.77,-79.11,-77.54,-78.74,-76.47,-78.38,-73.75,-72.88,-82.24,-78.41,-80.11,-79.08,-76.54,-80.61,-77.87,-76.98,-76.94,-79.20,-80.05,-78.31,-80.52,-82.61,-80.10,-82.49,-78.30,-77.23,-79.70,-75.57,-79.88,-78.27,-79.14,-82.11,-76.55,-75.69,-77.18,-79.42,-80.14,-75.73,-73.45,-80.51,-77.72,-77.51,-77.07,-76.26,-79.99,-80.00,-76.52,-74.00,-76.07,-75.63,-75.46,-77.71,-79.98,-79.57,-78.54,-77.04,-79.50,-78.20,-77.89,-76.53,-76.08,-79.77,-78.01,-79.08,-81.84,-73.42,-78.53,-75.82,-78.19,-79.24,-82.90,-79.50,-78.79,-78.52,-77.91,-77.50,-80.32,-77.86,-74.73,-75.81,-74.75,-76.60,-80.98,-75.35,-77.97,-75.89,-77.34,-81.90,-77.39,-77.15,-74.55,-79.11,-77.31,-78.56,-79.34,-79.09,-78.27,-82.82,-76.40,-79.54,-77.64,-78.28,-78.13,-76.77,-76.26,-76.45,-78.91,-75.95,-75.00,-78.78,-76.88,-80.69,-77.01,-75.42,-72.94,-74.40,-80.00,-78.66,-80.00,-76.75,-78.01,-79.51,-79.19,-78.81,-79.97,-75.63,-76.11,-75.57,-78.47,-79.43,-77.47,-77.78,-81.81,-78.63,-76.62,-77.18,-76.21,-75.23,-77.63,-75.77,-78.18,-81.11,-83.39,-78.70,-77.95,-80.30,-76.36,-76.09,-79.99,-79.24,-78.50,-81.10,-83.52,-77.91,-78.71,-79.32,-77.29,-80.47,-77.33,-80.81,-75.67,-84.94,-82.49,-81.96,-82.63,-77.97,-83.93,-80.50,-80.78,-77.51,-74.46,-78.85,-78.22,-81.51,-79.07,-80.55,-79.93,-74.30,-76.91,-77.61,-78.16,-76.59,-78.92,-80.60,-76.41,-74.67,-78.60,-82.28,-81.36,-82.05,-75.86,-75.99,-77.90,-77.35,-82.43,-82.68,-80.34,-80.41,-83.88,-78.15,-79.55,-82.26,-78.16,-77.50,-78.37,-79.51,-83.18,-79.59,-76.64,-78.18,-79.57,-79.24,-80.45,-79.94,-76.33,-79.86,-75.99,-78.07,-78.99,-76.28,-74.74,-80.59,-76.57,-81.06,-82.04,-79.14,-77.11,-76.68,-80.60,-78.81,-78.67,-80.73,-85.26,-81.06,-75.79,-79.13,-80.22,-80.50,-78.05,-76.44,-78.15,-82.54,-81.39,-76.40,-76.44,-80.03,-82.49,-76.23,-78.19,-81.33,-78.55,-79.03,-79.73,-80.28,-79.24,-81.69,-77.41,-76.90,-78.40,-77.66,-77.05,-80.05,-77.31,-79.09,-77.19,-82.96,-80.88,-79.78,-78.02,-82.34,-83.87,-79.22,-80.96,-79.54,-78.87,-79.19,-79.69,-78.37,-77.43,-82.64,-78.22,-77.49,-80.31,-80.00,-79.62,-79.85,-78.89,-79.57,-77.31,-75.76,-80.05,-81.11,-79.31,-80.61,-79.50,-77.55,-78.67,-85.75,-76.85,-74.67,-81.45,-77.86,-79.93,-77.91,-77.52,-82.68,-74.58,-77.45,-78.00,-76.37,-86.24,-80.06,-76.47,-80.41,-81.43,-80.20,-77.16,-80.44,-77.88,-79.81,-79.34,-81.68,-79.39,-81.74,-79.64,-77.48,-75.22,-81.24,-75.53,-77.45,-82.26,-76.83,-76.24,-80.17,-77.05,-80.24,-84.59,-79.62,-77.56,-77.21,-80.40,-79.97,-77.63,-74.82,-78.30,-79.95,-81.25,-78.73,-75.76,-83.34,-81.55,-76.65,-80.86,-80.50,-81.23,-78.99,-86.28,-79.23,-80.71,-80.39,-86.60,-78.88,-79.00,-79.28,-77.69,-78.36,-80.05,-80.02,-80.68,-80.54,-78.45,-78.21,-76.68,-83.04,-79.93,-80.14,-81.95,-80.58,-80.58,-81.94,-83.50,-81.68,-80.46,-77.41,-84.35,-80.11,-81.27,-79.78,-80.50,-81.52,-77.48,-79.07,-81.52,-82.90,-78.78,-80.28,-82.08,-82.22,-84.02,-80.82,-82.31,-81.42,-80.65,-78.45,-79.19,-82.11,-81.22,-78.36,-79.44,-81.33,-83.21,-79.31,-75.81,-80.51,-81.26,-82.04,-76.53,-75.32,-80.92,-82.72,-80.15,-74.73,-77.65,-78.22,-79.93,-81.65,-80.25,-78.87,-78.45,-82.52,-81.24,-78.79,-80.73,-80.23,-79.21,-78.23,-80.24,-79.73,-76.37,-76.53,-80.52,-77.91,-84.62,-83.73,-78.41,-82.18,-82.52,-79.02,-79.94,-79.41,-77.44,-81.55,-82.62,-77.30,-80.03,-78.62,-78.09,-81.98,-82.07,-77.20,-77.98,-81.72,-80.39,-79.00,-78.56,-84.46,-79.28,-81.21,-75.74,-78.44,-82.43,-74.73,-81.21,-80.69,-82.40,-77.02,-74.90,-76.82,-77.98,-80.53,-81.29,-80.82,-79.04,-79.87,-80.29,-79.31,-75.49,-76.14,-80.73,-82.80,-77.78,-80.00,-83.36,-80.91,-82.42,-76.84,-81.25,-79.15,-80.98,-79.43,-81.44,-80.74,-81.98,-81.12,-78.81,-78.52,-78.19,-78.39,-82.59,-79.45,-77.29,-79.48,-80.00
0,06/20/17,15:12:36,"39°12'16.4160""","-77°49'13.9080""",17.7,M,-81.35,-79.65,-75.66,-79.04,-81.16,-76.28,-77.30,-77.41,-77.95,-82.09,-76.35,-77.91,-78.58,-76.84,-80.45,-75.96,-78.30,-81.32,-79.76,-79.16,-74.77,-77.00,-80.88,-80.28,-77.87,-78.27,-78.82,-80.82,-74.90,-81.48,-79.33,-78.75,-76.62,-77.07,-81.26,-81.15,-76.98,-78.93,-80.44,-80.87,-77.84,-79.25,-79.50,-75.07,-75.34,-75.78,-77.64,-76.16,-80.57,-76.97,-79.40,-78.34,-78.83,-77.54,-77.82,-77.91,-83.79,-82.58,-81.00,-77.71,-78.09,-78.97,-75.19,-78.44,-78.64,-77.67,-76.34,-78.89,-79.74,-77.54,-79.93,-77.97,-77.65,-77.57,-81.36,-76.70,-76.75,-76.52,-77.47,-79.81,-80.84,-78.32,-76.85,-77.15,-78.57,-78.81,-83.08,-77.17,-74.65,-80.64,-81.28,-81.20,-77.38,-77.64,-77.22,-82.61,-80.67,-75.30,-77.08,-83.87,-76.79,-76.35,-76.72,-79.21,-80.57,-77.08,-77.19,-77.68,-79.81,-84.17,-76.31,-78.01,-75.30,-76.14,-80.95,-81.02,-79.89,-79.53,-76.83,-80.23,-75.91,-77.86,-74.83,-76.03,-76.07,-74.41,-78.86,-77.97,-84.20,-76.28,-78.08,-78.72,-80.87,-74.79,-78.84,-79.91,-78.20,-75.99,-75.80,-83.01,-75.64,-77.76,-76.94,-79.43,-84.84,-79.47,-81.15,-79.39,-76.65,-78.43,-81.40,-78.93,-81.47,-76.48,-77.06,-74.98,-79.89,-77.28,-77.79,-78.36,-78.16,-78.58,-76.56,-76.65,-79.87,-79.16,-75.12,-78.77,-77.41,-81.04,-81.53,-77.17,-78.74,-76.54,-77.62,-82.36,-78.16,-78.58,-77.66,-79.79,-79.87,-73.78,-73.84,-80.04,-80.47,-75.01,-76.80,-78.79,-78.96,-77.97,-78.21,-77.24,-76.41,-74.72,-81.99,-80.91,-75.59,-78.67,-80.41,-80.67,-75.35,-76.49,-80.00,-77.93,-76.80,-78.83,-79.57,-79.79,-78.07,-76.38,-76.88,-79.37,-83.26,-80.54,-77.22,-80.54,-81.11,-78.38,-77.30,-75.33,-80.50,-80.18,-76.14,-73.58,-78.13,-81.45,-79.91,-77.83,-80.41,-78.55,-79.52,-76.58,-81.45,-83.47,-80.12,-78.94,-72.48,-75.75,-76.05,-80.07,-79.50,-80.29,-73.96,-76.73,-77.42,-77.33,-76.18,-79.98,-79.77,-78.80,-81.14,-82.35,-75.04,-79.30,-76.16,-76.67,-78.47,-75.49,-73.98,-79.73,-73.74,-77.45,-82.15,-80.83,-82.15,-78.63,-81.49,-79.61,-79.02,-77.04,-77.59,-78.43,-78.58,-76.57,-76.61,-75.08,-75.57,-78.14,-76.19,-76.97,-76.65,-74.97,-76.28,-78.59,-75.87,-76.43,-75.36,-77.71,-78.42,-80.32,-80.24,-80.28,-79.29,-83.46,-81.78,-77.31,-74.06,-81.96,-75.76,-77.18,-79.67,-77.16,-75.28,-72.01,-72.72,-72.77,-78.06,-78.41,-80.80,-79.42,-74.96,-76.33,-75.76,-77.65,-77.43,-78.60,-75.99,-78.14,-76.14,-77.02,-76.45,-80.52,-77.07,-75.78,-77.53,-77.75,-76.29,-78.52,-82.10,-77.79,-79.36,-75.11,-78.39,-72.90,-82.28,-82.59,-78.03,-79.62,-77.51,-78.68,-79.86,-75.73,-74.78,-80.12,-77.79,-78.70,-75.27,-76.98,-79.18,-81.27,-75.47,-73.50,-80.00,-77.76,-74.64,-76.19,-76.43,-78.84,-81.48,-74.42,-78.88,-78.64,-81.02,-75.36,-76.33,-78.16,-77.60,-76.75,-79.05,-81.03,-78.32,-78.62,-78.63,-77.68,-76.69,-78.24,-76.88,-77.15,-72.09,-79.74,-82.41,-81.17,-81.47,-76.03,-80.54,-76.27,-77.10,-76.32,-79.38,-78.64,-77.97,-74.44,-79.61,-79.10,-75.54,-78.14,-77.67,-79.29,-79.74,-77.41,-79.57,-76.41,-77.02,-82.43,-81.96,-76.86,-74.31,-75.69,-77.41,-79.36,-78.12,-80.07,-76.47,-81.88,-79.12,-78.93,-77.20,-79.62,-79.10,-77.52,-80.96,-77.45,-79.44,-80.22,-78.45,-79.94,-76.93,-79.61,-76.84,-78.64,-79.63,-80.47,-76.17,-72.18,-80.99,-84.84,-78.97,-81.28,-82.24,-77.94,-81.71,-78.29,-80.48,-75.67,-77.43,-78.94,-80.99,-74.75,-84.53,-76.72,-77.21,-84.37,-79.26,-78.26,-75.54,-78.02,-78.24,-78.14,-80.14,-80.28,-77.88,-78.79,-77.58,-77.78,-79.18,-79.45,-78.14,-77.69,-73.45,-74.67,-75.34,-81.31,-75.78,-78.02,-78.36,-80.63,-82.65,-80.19,-76.89,-85.85,-78.84,-82.06,-77.66,-79.95,-77.71,-76.93,-83.54,-81.38,-79.28,-81.69,-77.29,-81.07,-83.20,-80.75,-77.59,-80.28,-77.03,-82.62,-79.21,-78.34,-79.07,-74.84,-77.38,-79.22,-73.80,-76.98,-77.96,-76.30,-76.81,-75.57,-78.93,-80.78,-79.70,-78.90,-78.65,-78.85,-82.10,-79.74,-83.50,-79.95,-81.91,-77.03,-76.63,-82.64,-74.90,-76.99,-79.15,-79.52,-79.54,-82.99,-75.87,-77.46,-77.42,-78.56,-79.11,-77.96,-78.51,-79.56,-78.69,-74.34,-76.70,-78.15,-79.95,-79.35,-75.82,-76.01,-83.85,-77.97,-79.21,-76.76,-81.23,-78.14,-85.10,-77.79,-75.58,-78.93,-81.68,-79.22,-80.62,-82.37,-77.55,-79.16,-77.73,-79.91,-82.05,-81.34,-80.67,-80.34,-83.76,-79.98,-82.66,-78.56,-80.48,-84.49,-81.63,-79.54,-80.37,-80.61,-80.06,-84.37,-82.37,-79.99,-82.26,-79.22,-79.25,-77.95,-80.97,-82.18,-80.13,-80.73,-83.18,-81.88,-83.69,-79.65,-74.96,-76.50,-78.70,-76.43,-81.07,-74.28,-80.88,-86.60,-74.78,-78.74,-79.00,-78.03,-78.67,-80.88,-81.57,-78.54,-81.67,-85.54,-76.08,-76.28,-78.36,-77.75,-80.74,-83.23,-81.37,-83.64,-77.59,-77.46,-78.78,-77.07,-78.45,-81.21,-77.64,-82.96,-81.09,-77.64,-79.95,-84.48,-79.14,-80.85,-79.44,-82.18,-77.24,-76.86,-82.55,-84.24,-79.72,-83.20,-82.05,-83.14,-81.43,-79.60,-79.96,-79.61,-78.78,-79.54,-77.21,-79.73,-81.46,-79.61,-81.01,-80.54,-75.18,-74.30,-77.47,-78.53,-80.69,-81.59,-83.09,-83.20,-81.67,-75.73,-81.59,-80.03,-79.00,-79.13,-76.62,-78.50,-85.57,-77.27,-80.80,-77.56,-77.73,-79.79,-78.91,-78.17,-82.41,-77.26,-78.62,-81.36,-83.01,-83.08,-84.42,-73.49,-78.75,-81.94,-78.33,-81.63,-79.80,-86.57,-80.60,-80.68,-86.33,-82.46,-77.91,-80.04,-79.56,-77.19,-78.43,-79.48,-77.07,-77.99,-79.80,-85.16,-80.66,-82.33,-82.44,-76.42,-79.16,-79.00,-81.54,-80.35,-79.80,-84.14,-79.87,-80.86,-80.81,-79.85,-80.07,-79.90,-80.96,-81.48,-77.40,-78.09,-78.53,-80.75,-82.67,-81.18,-83.55,-85.18,-81.84,-78.15,-80.61,-81.29,-80.58,-77.93,-83.20,-79.81,-77.73,-79.11,-78.39,-80.90,-80.01,-77.82,-78.07,-80.45,-84.54,-84.03,-75.34,-79.16,-76.28,-75.80,-78.24,-77.93,-79.93,-79.49,-82.21,-79.38,-79.81,-81.28,-82.95,-79.23,-78.17,-83.08,-82.14,-80.61,-82.40,-77.82,-78.18,-80.32,-78.44,-79.08,-79.73,-79.23,-78.47,-84.16,-82.43,-80.25,-77.98,-80.63,-80.99,-82.35,-79.37,-84.53,-79.30,-80.98,-80.42,-78.17,-79.17,-80.30,-78.88,-75.77,-81.06,-77.09,-77.94,-74.09,-73.72
0,06/20/17,15:12:40,"39°12'16.4160""","-77°49'13.9080""",17.7,M,-81.47,-79.59,-78.64,-80.45,-79.74,-76.57,-75.24,-83.10,-80.41,-77.36,-78.73,-79.74,-82.22,-78.45,-78.83,-75.43,-77.93,-79.04,-75.00,-78.27,-81.34,-80.89,-79.45,-74.92,-78.32,-77.67,-77.25,-78.05,-83.16,-76.36,-83.92,-75.89,-75.47,-78.91,-79.62,-75.77,-75.97,-82.57,-82.75,-79.82,-76.34,-76.49,-77.95,-78.23,-78.33,-80.24,-80.15,-76.81,-79.11,-79.57,-75.13,-80.84,-80.61,-79.62,-79.46,-76.40,-79.92,-80.43,-84.22,-76.43,-76.08,-79.61,-78.15,-78.37,-81.70,-80.95,-79.21,-74.02,-74.91,-79.78,-80.87,-80.19,-76.26,-78.35,-79.72,-79.71,-81.23,-78.35,-81.83,-80.84,-76.83,-77.40,-76.42,-73.47,-75.65,-73.84,-74.50,-84.36,-80.49,-78.92,-79.17,-81.53,-82.18,-81.37,-78.91,-78.94,-77.18,-76.92,-82.39,-82.10,-75.69,-79.80,-83.86,-83.25,-77.75,-80.93,-78.21,-79.45,-76.13,-77.74,-79.55,-78.90,-76.39,-78.81,-80.22,-79.03,-78.07,-75.00,-73.52,-74.37,-76.50,-81.58,-77.04,-78.14,-78.79,-77.31,-76.06,-78.61,-80.95,-76.91,-76.82,-78.21,-74.42,-77.16,-79.42,-79.71,-76.58,-78.77,-79.17,-78.91,-75.75,-77.98,-80.97,-80.99,-77.66,-79.48,-81.08,-74.51,-82.83,-76.44,-80.68,-75.95,-82.15,-79.77,-81.71,-79.86,-80.46,-77.12,-75.96,-79.13,-78.17,-77.24,-80.02,-79.16,-79.77,-74.60,-77.95,-77.19,-78.72,-80.54,-79.11,-77.29,-79.19,-84.35,-77.61,-78.48,-74.73,-75.23,-77.99,-75.33,-75.80,-78.85,-79.40,-81.64,-80.52,-76.27,-82.81,-78.48,-77.91,-75.49,-78.89,-77.62,-76.54,-77.23,-81.13,-81.34,-77.32,-78.92,-80.49,-78.73,-73.63,-75.39,-78.60,-80.54,-82.16,-81.97,-77.39,-74.06,-77.37,-79.25,-80.88,-76.54,-75.97,-78.78,-76.40,-78.49,-80.05,-82.96,-77.08,-73.92,-79.19,-75.32,-75.95,-79.13,-76.98,-78.57,-79.84,-74.41,-82.04,-75.35,-77.12,-77.78,-75.67,-77.56,-78.99,-75.45,-81.02,-78.97,-80.21,-78.07,-78.89,-79.56,-79.63,-79.58,-77.82,-75.84,-75.67,-78.04,-75.59,-78.89,-80.75,-77.69,-76.76,-77.56,-82.24,-82.41,-77.23,-82.06,-75.93,-77.86,-77.24,-76.79,-82.76,-81.67,-80.28,-76.89,-81.10,-75.12,-77.69,-78.52,-76.79,-77.62,-78.14,-78.37,-76.86,-76.30,-77.44,-79.94,-81.20,-71.76,-77.68,-78.37,-81.87,-78.51,-76.44,-75.96,-78.39,-77.87,-77.87,-78.45,-78.73,-76.00,-81.82,-78.34,-77.99,-80.21,-78.92,-78.90,-78.76,-78.18,-75.68,-79.78,-79.15,-76.90,-75.33,-73.93,-76.61,-75.30,-79.11,-79.21,-83.66,-78.09,-73.54,-80.99,-75.33,-74.57,-79.18,-79.93,-74.08,-77.97,-84.42,-74.69,-76.61,-77.05,-79.15,-75.07,-76.69,-80.54,-80.97,-76.21,-78.91,-77.59,-78.05,-77.52,-72.62,-77.28,-80.16,-78.68,-78.08,-77.70,-78.90,-78.06,-75.37,-76.41,-75.31,-74.30,-80.19,-75.93,-75.13,-73.12,-76.92,-76.66,-80.97,-77.42,-77.93,-80.30,-79.72,-79.92,-77.78,-73.64,-78.31,-77.68,-78.34,-78.52,-78.02,-80.60,-79.68,-80.72,-79.22,-80.12,-80.79,-78.05,-80.81,-79.72,-74.92,-78.11,-76.29,-84.35,-72.36,-77.57,-80.28,-77.80,-81.15,-77.97,-78.90,-76.01,-78.67,-78.45,-79.17,-78.18,-77.58,-78.45,-79.46,-78.48,-77.30,-75.74,-75.29,-75.80,-73.78,-77.35,-75.16,-78.16,-79.26,-78.63,-79.22,-75.61,-75.91,-80.32,-75.13,-76.63,-76.41,-75.74,-79.60,-80.15,-78.40,-82.52,-76.10,-78.26,-76.34,-76.80,-75.50,-77.13,-80.15,-77.02,-77.79,-80.37,-75.86,-77.75,-76.27,-74.61,-81.94,-76.50,-81.37,-75.78,-73.75,-79.92,-79.22,-82.11,-79.24,-79.08,-79.82,-78.35,-77.29,-81.52,-80.82,-77.77,-78.50,-77.07,-78.10,-77.67,-74.95,-76.55,-76.43,-76.01,-78.24,-77.48,-76.72,-79.69,-79.42,-77.97,-76.88,-78.83,-77.57,-76.92,-76.06,-77.05,-76.49,-77.30,-76.12,-79.51,-80.46,-82.45,-79.64,-80.60,-79.25,-74.68,-74.13,-77.00,-77.80,-78.91,-81.00,-75.28,-75.23,-80.44,-80.04,-79.05,-77.09,-77.30,-82.46,-79.33,-78.36,-77.13,-76.78,-78.69,-76.81,-77.48,-79.10,-77.00,-78.24,-85.61,-80.32,-78.02,-80.95,-81.27,-79.95,-81.17,-76.26,-79.09,-82.64,-82.97,-78.59,-78.88,-87.42,-78.14,-80.72,-80.16,-76.12,-79.19,-77.79,-79.10,-76.02,-75.95,-78.11,-80.25,-76.79,-86.13,-78.48,-82.49,-79.44,-76.89,-78.60,-83.03,-78.38,-79.13,-82.35,-78.98,-83.32,-84.89,-78.59,-76.45,-80.78,-80.99,-81.45,-80.70,-79.20,-78.49,-81.72,-79.40,-78.10,-80.79,-77.81,-76.83,-79.94,-79.12,-78.70,-79.93,-76.58,-78.78,-83.35,-77.93,-80.56,-75.43,-77.23,-80.56,-79.57,-79.49,-81.85,-83.45,-82.02,-80.40,-77.86,-79.80,-78.05,-83.84,-80.02,-80.16,-79.83,-83.53,-81.95,-81.49,-81.77,-82.67,-79.76,-78.61,-78.28,-80.67,-76.94,-77.41,-77.15,-77.02,-78.07,-79.27,-76.94,-80.18,-78.13,-78.32,-81.63,-79.11,-78.03,-82.86,-81.19,-79.14,-79.78,-80.08,-81.96,-78.27,-80.41,-80.90,-77.92,-83.90,-77.39,-77.49,-77.49,-78.37,-79.74,-80.63,-78.42,-78.79,-81.31,-78.43,-79.45,-80.11,-77.05,-77.41,-80.30,-78.90,-82.56,-79.79,-77.62,-79.30,-81.83,-84.23,-84.49,-79.51,-79.40,-78.60,-77.55,-77.67,-78.00,-79.60,-78.23,-81.69,-81.31,-79.82,-81.34,-79.19,-77.93,-79.88,-77.28,-85.83,-82.09,-81.65,-83.93,-78.65,-80.61,-77.37,-78.97,-78.08,-80.01,-76.00,-80.78,-81.78,-80.05,-78.40,-82.68,-79.94,-80.54,-80.17,-76.00,-83.27,-81.72,-79.66,-80.13,-80.75,-81.36,-81.51,-82.00,-79.94,-80.16,-80.10,-83.84,-79.82,-77.74,-82.28,-82.39,-83.42,-79.17,-85.17,-82.11,-84.74,-82.45,-82.01,-79.45,-81.17,-82.04,-82.33,-84.03,-83.15,-81.48,-83.15,-79.21,-79.82,-79.62,-81.38,-82.74,-82.68,-82.74,-82.32,-79.65,-77.37,-77.35,-81.98,-81.64,-75.60,-77.68,-84.01,-79.33,-79.15,-79.40,-84.22,-80.27,-79.00,-82.01,-76.05,-81.79,-77.77,-80.17,-78.60,-78.91,-80.35,-77.12,-79.52,-78.44,-78.61,-76.62,-76.76,-80.55,-80.02,-76.58,-80.34,-84.63,-83.12,-80.93,-84.35,-80.67,-80.11,-80.37,-84.80,-80.98,-84.87,-78.80,-78.69,-81.26,-74.33,-77.75,-78.71,-80.69,-80.06,-81.75,-81.16,-79.98,-78.78,-80.95,-79.38,-80.60,-82.24,-81.25,-77.50,-78.47,-83.05,-79.22,-79.98,-81.83,-77.41,-84.76,-79.90,-79.13,-80.89,-79.28,-79.32,-82.49,-83.20,-81.43,-76.49,-79.93,-80.61,-78.94,-78.06,-80.69,-79.73,-79.96,-79.27,-80.79,-76.19,-85.39,-78.98,-79.18,-79.40,-76.21,-77.27,-76.26
0,06/20/17,15:12:44,"39°12'16.4160""","-77°49'13.9080""",17.7,M,-79.73,-79.70,-78.06,-75.42,-78.93,-73.94,-75.92,-78.51,-74.72,-78.79,-80.73,-78.28,-80.04,-80.59,-79.06,-78.20,-82.01,-78.39,-77.03,-80.05,-80.10,-81.36,-81.54,-76.98,-76.09,-83.63,-80.59,-78.68,-80.61,-82.88,-81.55,-77.95,-79.52,-79.26,-82.31,-77.94,-76.53,-78.30,-78.14,-77.57,-77.21,-75.44,-80.51,-80.39,-77.25,-83.68,-81.89,-74.57,-75.76,-83.55,-76.11,-81.54,-79.58,-79.38,-79.97,-79.96,-78.22,-77.54,-80.32,-77.58,-78.97,-76.04,-81.23,-76.17,-75.23,-80.41,-79.51,-84.54,-78.67,-80.72,-78.57,-79.07,-81.62,-75.90,-78.38,-81.28,-79.59,-76.59,-80.18,-80.30,-81.02,-75.84,-80.53,-77.86,-80.98,-78.84,-79.47,-80.60,-80.73,-80.57,-79.76,-76.10,-81.24,-77.80,-81.00,-84.98,-77.35,-78.56,-78.98,-80.58,-79.18,-85.25,-84.43,-80.35,-81.90,-76.80,-80.50,-80.19,-76.91,-80.81,-80.19,-75.33,-74.52,-80.92,-84.42,-77.91,-78.37,-80.99,-77.79,-79.00,-77.15,-79.69,-80.78,-78.62,-80.86,-80.73,-78.10,-78.81,-79.39,-79.19,-76.76,-74.59,-81.23,-78.72,-80.11,-77.88,-81.96,-76.52,-78.58,-78.31,-82.09,-79.94,-81.52,-77.22,-81.21,-74.97,-74.61,-74.20,-79.21,-77.85,-77.04,-78.44,-78.29,-76.61,-76.49,-74.35,-77.95,-76.39,-75.14,-76.19,-76.18,-76.22,-72.67,-76.51,-81.45,-78.99,-77.34,-78.38,-76.78,-78.73,-73.74,-76.63,-77.87,-75.09,-78.23,-77.72,-81.02,-78.30,-79.17,-80.03,-77.42,-79.34,-78.89,-75.31,-77.42,-76.71,-78.22,-81.59,-78.14,-76.64,-79.13,-75.95,-75.64,-77.74,-82.95,-76.11,-77.42,-73.80,-74.56,-82.41,-77.55,-79.83,-77.34,-79.58,-73.55,-79.83,-76.58,-77.51,-77.71,-81.76,-77.57,-77.79,-74.18,-74.79,-79.05,-75.15,-76.36,-75.93,-76.75,-80.54,-84.25,-83.18,-77.48,-79.72,-80.68,-74.47,-78.71,-77.27,-79.17,-77.72,-75.54,-80.48,-82.12,-77.95,-81.36,-75.11,-77.62,-78.80,-74.55,-72.84,-75.68,-81.36,-78.16,-80.34,-80.38,-81.28,-80.29,-82.03,-77.14,-79.63,-78.30,-77.21,-77.01,-75.68,-76.36,-79.00,-79.34,-77.48,-79.51,-77.67,-72.60,-76.42,-77.42,-78.57,-78.70,-78.77,-76.68,-81.95,-79.88,-75.68,-78.17,-75.54,-77.88,-79.60,-79.18,-76.54,-77.30,-82.77,-74.84,-79.59,-83.84,-73.76,-75.69,-82.28,-76.58,-75.34,-75.46,-79.22,-78.32,-77.68,-75.14,-76.06,-75.63,-76.63,-77.90,-79.84,-76.73,-75.14,-79.53,-76.93,-76.01,-79.52,-73.71,-76.50,-76.54,-77.03,-82.53,-79.38,-78.56,-76.72,-76.80,-72.89,-74.03,-74.11,-76.88,-77.35,-78.01,-79.01,-80.96,-75.27,-75.44,-73.18,-75.43,-73.52,-76.43,-80.00,-72.74,-73.20,-81.49,-77.92,-80.13,-75.94,-76.98,-74.02,-76.52,-79.40,-78.53,-77.88,-79.17,-79.57,-80.87,-75.52,-74.24,-78.99,-76.44,-80.19,-78.32,-77.78,-78.76,-77.11,-81.43,-76.48,-74.93,-74.58,-81.44,-79.03,-75.98,-77.64,-76.95,-76.54,-79.15,-79.45,-77.43,-79.65,-75.80,-79.63,-77.72,-76.81,-77.19,-76.06,-74.70,-77.57,-80.16,-75.48,-75.08,-78.35,-76.38,-77.99,-80.98,-75.73,-78.80,-75.74,-75.79,-82.82,-76.09,-78.34,-78.11,-74.78,-74.69,-78.11,-75.22,-76.81,-77.32,-82.47,-75.51,-78.44,-75.15,-76.93,-78.62,-81.00,-79.81,-79.09,-76.32,-76.65,-76.31,-77.27,-77.97,-78.14,-78.52,-81.43,-75.51,-79.13,-76.94,-78.26,-76.48,-74.82,-75.40,-79.37,-77.41,-75.15,-78.08,-78.03,-77.17,-76.38,-81.64,-82.66,-78.09,-77.12,-76.84,-80.09,-75.29,-80.11,-78.85,-80.04,-79.29,-79.98,-79.59,-77.48,-82.94,-80.19,-84.92,-81.32,-81.90,-79.32,-77.62,-75.58,-77.27,-77.62,-77.61,-80.34,-83.05,-77.20,-81.69,-75.91,-77.54,-78.52,-83.19,-78.76,-78.23,-77.35,-79.41,-75.43,-77.83,-75.95,-76.14,-78.00,-79.29,-77.81,-79.90,-77.16,-84.19,-76.64,-76.89,-80.64,-77.56,-76.08,-77.56,-78.06,-75.20,-80.81,-77.97,-81.13,-80.25,-78.26,-82.50,-76.31,-81.38,-80.95,-80.17,-76.20,-78.45,-75.37,-79.53,-80.14,-83.48,-78.93,-79.54,-78.67,-78.75,-79.15,-77.48,-77.32,-78.74,-80.71,-82.15,-80.51,-77.66,-77.28,-82.05,-76.70,-78.38,-80.41,-82.04,-79.77,-73.78,-77.33,-77.04,-80.92,-77.18,-76.78,-83.94,-76.43,-80.62,-84.00,-77.60,-78.20,-82.22,-78.98,-80.56,-78.05,-77.45,-78.86,-75.30,-76.98,-80.21,-77.48,-81.43,-78.29,-81.06,-88.22,-81.50,-80.27,-80.44,-76.61,-79.01,-78.87,-80.27,-75.35,-82.40,-79.94,-77.60,-82.21,-78.90,-81.28,-82.76,-79.84,-80.48,-80.65,-74.29,-77.37,-81.36,-77.97,-76.17,-79.97,-76.78,-79.43,-82.66,-73.76,-76.42,-79.85,-74.31,-81.01,-85.11,-78.03,-79.23,-75.97,-79.55,-79.41,-76.99,-79.88,-80.14,-75.82,-74.91,-80.93,-79.76,-78.15,-77.64,-76.88,-76.07,-80.83,-78.30,-78.55,-79.78,-82.41,-82.44,-80.90,-80.58,-77.77,-79.09,-83.10,-80.01,-81.27,-77.06,-82.16,-80.82,-80.15,-82.07,-81.41,-80.86,-77.38,-79.24,-79.34,-77.26,-85.27,-76.41,-76.15,-81.05,-80.48,-79.59,-82.79,-81.17,-82.60,-79.75,-80.32,-82.77,-79.07,-78.52,-78.62,-75.34,-78.90,-80.74,-82.61,-77.93,-77.42,-77.01,-80.86,-79.21,-77.02,-79.98,-80.66,-78.58,-81.12,-79.96,-82.76,-77.53,-76.72,-82.40,-79.22,-80.15,-76.57,-78.02,-80.57,-83.00,-79.22,-80.27,-78.93,-80.34,-79.89,-84.52,-85.97,-77.20,-78.75,-81.32,-77.54,-77.86,-78.49,-78.42,-82.32,-82.29,-84.49,-82.40,-77.83,-79.86,-78.45,-79.90,-79.12,-78.75,-82.24,-84.74,-88.39,-78.90,-86.69,-79.59,-77.50,-81.69,-80.58,-79.23,-78.51,-80.78,-79.18,-77.09,-77.29,-77.62,-77.81,-78.83,-82.91,-80.11,-80.94,-81.74,-80.08,-77.86,-79.32,-79.74,-82.93,-81.18,-79.97,-83.13,-84.51,-86.17,-76.67,-81.49,-80.61,-80.65,-80.33,-82.03,-83.56,-78.18,-81.21,-79.43,-79.23,-86.00,-78.58,-78.84,-75.68,-78.77,-80.54,-84.29,-83.64,-84.17,-86.23,-82.88,-84.51,-78.60,-83.64,-81.87,-81.22,-78.52,-77.93,-77.87,-80.70,-83.90,-81.52,-80.70,-77.42,-81.06,-79.01,-77.73,-79.89,-75.79,-80.21,-77.71,-82.01,-78.31,-79.56,-77.49,-80.79,-78.71,-77.75,-79.27,-82.37,-80.85,-84.03,-74.87,-79.43,-81.43,-78.55,-78.28,-78.18,-78.86,-82.34,-76.29,-82.72,-82.35,-79.28,-83.92,-83.40,-82.89,-78.72,-79.59,-77.01,-80.64,-81.84,-78.88,-78.21,-79.00,-85.20,-77.93,-83.97,-83.11,-78.22,-79.47,-82.21,-81.56,-80.94,-76.28,-79.88,-80.58,-79.13,-81.51,-80.88,-78.71
0,06/20/17,15:12:48,"39°12'16.4160""","-77°49'13.9080""",17.7,M,-77.89,-78.04,-77.47,-78.65,-73.75,-81.18,-74.87,-77.42,-80.97,-76.75,-77.06,-77.92,-84.89,-79.61,-76.25,-76.95,-81.11,-80.20,-76.80,-76.09,-81.58,-81.16,-78.89,-76.68,-77.83,-82.31,-75.25,-76.22,-79.48,-82.58,-76.95,-74.18,-84.42,-80.11,-81.56,-78.32,-76.13,-76.58,-81.74,-78.33,-81.24,-80.52,-76.56,-76.40,-82.86,-80.45,-74.03,-78.30,-76.16,-77.01,-74.40,-80.57,-78.10,-80.32,-80.43,-76.16,-78.27,-76.93,-79.98,-81.48,-77.34,-77.13,-74.45,-78.85,-79.19,-77.44,-75.68,-75.80,-75.98,-75.50,-74.54,-78.12,-75.31,-78.39,-79.24,-75.48,-79.15,-80.58,-79.80,-78.24,-79.34,-77.44,-78.17,-76.48,-79.68,-77.74,-77.25,-77.47,-81.84,-80.33,-82.00,-81.18,-79.78,-76.18,-79.14,-78.56,-78.86,-74.11,-80.37,-84.34,-75.05,-85.84,-82.45,-77.78,-82.16,-82.65,-76.47,-81.08,-77.67,-78.37,-81.32,-74.29,-79.78,-80.85,-78.49,-75.07,-77.34,-81.41,-79.00,-75.30,-75.26,-77.90,-80.49,-81.11,-76.54,-82.35,-77.86,-78.65,-80.17,-80.47,-80.24,-78.48,-80.31,-78.90,-79.09,-81.24,-79.37,-79.30,-77.64,-78.54,-77.89,-77.83,-75.80,-76.05,-77.96,-76.11,-77.95,-79.54,-80.89,-78.84,-79.80,-78.47,-77.76,-78.85,-77.53,-80.65,-77.00,-80.50,-80.36,-79.10,-82.27,-78.12,-80.93,-80.45,-77.82,-75.39,-79.20,-79.27,-78.41,-78.25,-79.61,-77.52,-79.65,-75.53,-75.03,-76.27,-77.88,-79.08,-79.32,-80.24,-77.39,-72.01,-80.04,-77.34,-79.40,-79.54,-79.64,-78.94,-78.87,-80.18,-73.95,-76.56,-81.15,-79.97,-79.30,-80.91,-77.55,-78.96,-81.05,-77.38,-78.36,-76.94,-78.69,-76.90,-76.46,-77.62,-75.97,-77.15,-79.98,-76.94,-74.35,-76.64,-75.51,-78.47,-80.33,-82.60,-78.55,-75.09,-76.84,-75.80,-78.26,-82.01,-80.08,-78.05,-75.73,-83.05,-71.45,-76.76,-81.01,-73.06,-76.67,-79.57,-78.78,-77.88,-73.84,-81.47,-76.32,-74.29,-77.52,-79.33,-77.13,-76.78,-79.28,-77.32,-77.11,-78.15,-74.19,-72.75,-76.25,-75.75,-74.61,-79.93,-79.18,-77.92,-76.03,-75.80,-77.60,-80.23,-78.97,-78.30,-78.74,-82.33,-76.59,-76.69,-79.11,-76.97,-79.29,-79.42,-81.70,-77.28,-79.47,-81.03,-81.93,-76.89,-76.87,-77.72,-80.07,-84.28,-76.90,-77.50,-77.13,-79.42,-80.45,-80.55,-81.46,-79.83,-76.32,-78.93,-77.80,-76.56,-77.54,-76.04,-82.59,-76.35,-76.94,-78.22,-75.08,-81.89,-74.06,-76.71,-78.21,-76.31,-75.61,-77.77,-79.67,-80.93,-81.37,-79.56,-77.33,-76.86,-81.01,-77.49,-75.18,-81.93,-76.98,-76.75,-76.29,-78.02,-81.52,-81.55,-80.72,-74.03,-76.37,-82.59,-83.21,-74.93,-75.46,-78.56,-77.36,-85.17,-80.36,-76.55,-75.55,-79.62,-82.88,-75.39,-75.09,-79.35,-81.23,-78.04,-78.37,-75.81,-76.41,-78.78,-77.77,-76.57,-82.95,-74.84,-74.92,-75.44,-82.44,-74.73,-72.64,-81.06,-77.92,-78.41,-79.51,-82.01,-78.35,-77.92,-77.44,-74.81,-80.70,-78.74,-81.37,-77.92,-77.44,-77.02,-76.63,-78.61,-78.21,-78.83,-73.40,-73.08,-77.50,-77.83,-79.17,-77.66,-79.43,-78.74,-78.48,-78.69,-80.00,-79.16,-80.32,-74.71,-75.12,-77.61,-81.33,-80.47,-78.04,-77.88,-75.18,-78.11,-79.99,-75.90,-76.19,-76.16,-76.06,-79.59,-80.88,-82.52,-76.59,-81.93,-82.12,-75.93,-77.34,-79.01,-79.61,-78.34,-79.90,-76.77,-76.43,-78.93,-79.34,-76.42,-78.35,-75.98,-75.31,-76.57,-81.28,-81.28,-80.10,-78.64,-76.66,-80.80,-81.32,-77.75,-73.01,-77.29,-84.76,-79.20,-76.71,-74.79,-77.70,-76.64,-78.00,-79.37,-79.44,-76.41,-75.69,-77.83,-75.77,-80.22,-82.86,-78.23,-77.13,-77.09,-80.76,-78.85,-80.34,-75.35,-81.60,-78.95,-85.47,-79.19,-81.90,-81.03,-74.67,-75.89,-76.78,-78.43,-78.62,-74.53,-80.90,-81.67,-80.46,-80.00,-75.77,-77.18,-81.23,-80.34,-79.95,-76.97,-75.58,-78.15,-77.68,-78.63,-81.54,-78.42,-78.22,-80.44,-77.68,-79.64,-78.01,-83.19,-77.69,-77.77,-81.50,-77.80,-77.77,-78.21,-77.51,-83.14,-79.01,-76.96,-78.46,-89.28,-85.95,-75.13,-77.07,-77.14,-83.19,-77.28,-83.22,-79.49,-73.98,-77.50,-76.52,-78.62,-81.51,-81.51,-76.79,-81.91,-77.87,-78.94,-75.14,-78.96,-78.75,-78.99,-79.58,-82.30,-82.66,-77.48,-77.55,-82.79,-79.91,-81.72,-83.23,-80.95,-78.93,-77.10,-76.79,-75.83,-80.72,-81.21,-80.05,-78.92,-77.96,-80.76,-79.94,-82.70,-80.50,-82.73,-79.50,-79.19,-79.16,-78.58,-78.31,-78.62,-80.56,-80.07,-73.75,-76.85,-78.99,-78.88,-79.71,-79.47,-76.39,-78.34,-79.68,-78.26,-81.50,-79.32,-82.11,-80.50,-78.07,-79.17,-82.49,-81.12,-81.31,-79.44,-80.04,-76.13,-79.27,-76.67,-83.32,-80.62,-77.52,-77.86,-82.34,-80.54,-76.91,-78.76,-78.73,-80.50,-80.46,-81.45,-84.25,-78.13,-81.59,-76.14,-74.78,-81.98,-75.68,-81.60,-81.37,-83.06,-81.73,-87.61,-76.57,-74.92,-83.40,-80.95,-78.78,-83.20,-77.96,-80.76,-80.73,-77.69,-82.67,-82.28,-80.87,-81.04,-79.24,-75.75,-79.99,-81.61,-76.82,-78.44,-77.91,-76.76,-79.75,-80.74,-80.00,-78.49,-79.32,-84.06,-79.75,-78.65,-79.90,-81.44,-82.17,-77.21,-80.39,-81.12,-77.86,-83.81,-82.99,-79.39,-75.09,-77.38,-78.21,-78.07,-77.72,-76.35,-80.27,-83.15,-80.70,-81.02,-79.68,-81.95,-84.42,-79.57,-79.38,-80.68,-79.84,-79.93,-80.84,-79.79,-76.85,-80.73,-80.98,-79.97,-77.83,-82.89,-81.76,-77.92,-77.30,-79.02,-78.79,-77.87,-82.17,-84.29,-77.75,-80.76,-80.15,-81.94,-85.88,-78.57,-78.22,-80.79,-79.66,-80.97,-82.21,-79.19,-80.15,-82.78,-85.01,-82.10,-79.02,-80.12,-79.43,-80.96,-81.45,-80.10,-76.64,-79.77,-78.10,-78.71,-77.67,-80.28,-80.60,-78.23,-80.41,-82.64,-79.36,-78.53,-80.38,-82.57,-78.69,-78.94,-81.58,-80.03,-81.59,-82.04,-78.12,-76.74,-85.31,-80.65,-78.39,-79.57,-79.49,-77.77,-77.92,-77.26,-75.72,-80.03,-76.92,-81.27,-77.20,-81.15,-82.05,-77.96,-81.09,-81.10,-80.58,-82.36,-84.31,-80.76,-79.73,-79.77,-81.38,-78.08,-78.69,-78.17,-77.57,-79.86,-80.37,-77.81,-80.49,-78.75,-79.56,-75.85,-77.50,-82.05,-77.60,-79.36,-81.36,-80.34,-77.23,-78.53,-77.62,-78.60,-80.88,-83.39,-78.24,-80.34,-81.53,-80.53,-79.09,-78.38,-78.68,-82.12,-81.10,-78.75,-79.39,-81.22,-78.28,-80.85,-80.04,-80.40,-83.06,-82.18,-85.77,-80.99,-79.95,-77.87,-84.13,-79.58,-78.54,-78.49,-82.67,-77.16,-78.47,-81.22,-77.56,-80.27,-81.68,-80.91,-84.69
0,06/20/17,15:12:52,"39°12'16.4160""","-77°49'13.9080""",17.7,M,-74.76,-73.26,-76.43,-80.13,-79.07,-80.24,-81.47,-80.28,-78.68,-78.44,-79.67,-83.98,-81.64,-77.90,-79.55,-78.16,-76.03,-78.37,-76.85,-78.34,-80.56,-77.55,-79.54,-76.48,-81.33,-83.99,-75.12,-79.04,-79.35,-75.46,-75.89,-82.71,-75.17,-82.68,-76.99,-81.80,-78.64,-79.78,-82.12,-77.92,-78.51,-75.84,-77.36,-77.69,-80.08,-84.46,-78.05,-79.28,-79.27,-81.36,-77.82,-79.56,-75.95,-79.85,-76.91,-76.67,-78.28,-75.80,-79.42,-82.21,-75.18,-75.60,-78.07,-77.09,-78.92,-78.36,-79.51,-73.86,-72.86,-79.90,-78.76,-78.69,-81.32,-83.52,-77.18,-81.89,-78.50,-81.44,-80.70,-78.76,-77.24,-75.40,-80.08,-76.43,-79.48,-78.54,-83.31,-78.07,-78.91,-79.83,-80.89,-80.68,-80.02,-76.21,-79.83,-77.43,-79.54,-77.21,-77.15,-76.78,-78.18,-79.32,-77.48,-75.90,-76.35,-80.40,-77.49,-79.04,-79.87,-81.09,-81.06,-77.23,-77.37,-79.45,-78.22,-79.18,-78.41,-79.16,-79.17,-72.96,-76.71,-78.11,-78.27,-75.85,-77.16,-78.98,-77.71,-77.72,-76.85,-74.67,-80.84,-78.12,-77.05,-72.56,-79.49,-83.66,-84.21,-79.93,-74.02,-76.03,-79.40,-78.73,-76.47,-77.19,-77.29,-75.35,-79.08,-80.07,-79.66,-75.89,-79.99,-83.54,-79.08,-76.03,-78.63,-81.92,-80.61,-79.19,-79.28,-77.50,-75.64,-80.55,-80.93,-73.71,-79.02,-80.10,-84.10,-77.88,-76.37,-80.01,-77.40,-76.57,-79.94,-76.51,-75.51,-77.89,-78.05,-83.74,-77.26,-76.61,-77.60,-75.14,-75.06,-80.15,-78.09,-75.67,-82.97,-80.41,-78.18,-73.16,-76.76,-77.11,-75.83,-74.96,-81.61,-76.22,-76.60,-75.47,-79.26,-76.30,-78.82,-79.41,-77.55,-79.72,-73.52,-79.10,-74.75,-75.07,-79.17,-75.33,-77.28,-80.11,-76.08,-79.88,-84.27,-80.19,-78.87,-78.30,-76.11,-81.47,-81.37,-81.77,-78.05,-80.59,-78.14,-78.48,-76.46,-74.62,-76.85,-75.51,-80.84,-76.39,-75.89,-79.14,-78.63,-74.04,-78.20,-76.77,-75.91,-77.71,-76.05,-77.99,-77.91,-75.88,-75.30,-76.68,-76.03,-73.76,-77.61,-77.43,-78.71,-81.11,-79.95,-80.86,-82.44,-77.46,-79.82,-78.20,-77.51,-77.26,-74.00,-74.52,-76.30,-76.96,-80.10,-75.85,-80.11,-77.92,-79.25,-80.33,-73.67,-84.15,-77.23,-77.54,-79.08,-79.17,-82.77,-81.07,-85.35,-74.54,-79.16,-77.99,-75.38,-75.78,-81.13,-76.27,-76.89,-80.51,-78.11,-76.54,-79.94,-80.87,-76.65,-78.68,-79.55,-76.98,-75.42,-79.00,-79.80,-76.74,-73.88,-78.54,-77.49,-79.93,-78.02,-79.84,-79.65,-79.83,-76.57,-78.19,-77.67,-82.41,-79.20,-79.61,-78.48,-76.37,-77.00,-75.95,-75.45,-79.46,-77.78,-76.20,-76.84,-79.88,-77.60,-75.25,-81.28,-74.38,-73.99,-79.35,-79.93,-79.83,-79.00,-79.96,-78.36,-76.05,-77.10,-72.84,-78.13,-76.89,-76.76,-77.13,-76.34,-81.83,-74.65,-77.52,-77.85,-81.82,-80.53,-76.22,-76.84,-75.05,-78.76,-76.84,-77.27,-78.06,-75.98,-77.32,-77.14,-77.60,-77.35,-78.63,-78.08,-76.95,-76.44,-74.76,-79.62,-82.14,-76.34,-78.43,-75.35,-76.09,-80.44,-75.74,-77.32,-80.81,-74.14,-77.28,-75.80,-77.45,-81.93,-76.89,-76.67,-80.38,-78.84,-76.82,-77.63,-78.45,-77.49,-81.02,-79.86,-80.17,-74.52,-76.84,-82.18,-77.44,-78.27,-78.60,-73.72,-75.50,-80.79,-75.18,-79.57,-77.21,-73.83,-79.72,-73.68,-73.12,-76.86,-78.49,-75.14,-76.90,-78.43,-79.15,-82.30,-77.08,-75.59,-77.25,-74.72,-73.56,-79.82,-75.27,-79.56,-76.86,-77.46,-79.25,-76.06,-83.36,-81.24,-82.21,-76.08,-77.89,-76.57,-80.91,-78.98,-76.30,-79.86,-78.05,-78.32,-77.77,-81.96,-78.01,-83.10,-81.64,-83.68,-81.59,-80.48,-77.58,-82.64,-79.87,-77.80,-79.17,-79.92,-82.82,-80.06,-76.92,-81.37,-79.70,-76.52,-78.48,-76.89,-77.56,-76.74,-77.41,-81.71,-76.58,-79.34,-81.52,-79.69,-75.74,-74.99,-78.80,-80.46,-79.64,-82.90,-82.21,-80.80,-79.15,-78.23,-75.24,-80.40,-78.94,-76.83,-79.70,-78.19,-80.43,-77.24,-80.53,-82.48,-78.30,-77.63,-78.50,-79.47,-78.10,-76.73,-76.91,-81.55,-81.77,-76.45,-81.58,-80.24,-75.96,-76.71,-76.68,-77.29,-79.38,-76.61,-81.52,-79.82,-80.72,-78.77,-76.86,-75.80,-77.05,-79.67,-76.68,-76.01,-76.66,-81.44,-79.99,-77.22,-76.98,-77.68,-80.20,-74.22,-77.56,-77.55,-77.89,-79.10,-82.44,-80.35,-81.03,-78.69,-84.67,-82.90,-76.53,-80.65,-79.72,-78.94,-77.62,-77.08,-75.52,-78.00,-78.51,-79.51,-81.62,-81.55,-78.76,-82.55,-82.03,-79.97,-80.81,-73.94,-76.27,-79.05,-78.41,-76.54,-75.54,-80.45,-80.33,-79.89,-81.01,-81.05,-82.65,-77.56,-81.76,-81.19,-76.76,-77.80,-78.08,-79.45,-80.50,-80.63,-81.50,-79.13,-79.21,-81.23,-79.05,-77.55,-82.94,-76.76,-80.42,-79.09,-75.66,-76.15,-79.87,-80.31,-81.41,-83.14,-78.63,-81.98,-80.50,-79.48,-81.05,-80.50,-81.56,-76.55,-81.13,-77.94,-81.66,-77.71,-87.44,-82.46,-81.45,-78.16,-80.95,-80.89,-77.82,-78.63,-81.18,-75.48,-74.53,-77.90,-81.11,-78.50,-79.09,-80.60,-77.49,-77.11,-81.66,-79.43,-75.58,-82.17,-80.95,-80.81,-79.67,-80.55,-81.43,-81.70,-83.84,-77.98,-81.71,-75.32,-75.74,-81.04,-79.70,-81.22,-83.71,-81.32,-78.96,-78.73,-77.91,-78.91,-81.31,-82.99,-80.72,-78.84,-79.90,-79.28,-75.90,-74.82,-78.32,-78.52,-77.73,-79.60,-81.39,-79.85,-79.14,-82.01,-79.89,-84.94,-78.17,-79.71,-79.17,-82.06,-81.33,-77.31,-81.31,-82.26,-77.17,-82.19,-86.03,-83.04,-80.81,-80.70,-74.03,-78.47,-76.21,-78.15,-78.38,-80.72,-82.59,-82.66,-80.83,-83.65,-83.26,-77.80,-78.28,-80.66,-81.28,-79.01,-79.67,-78.42,-83.88,-82.37,-77.13,-76.78,-81.38,-81.25,-80.03,-77.67,-80.11,-81.75,-78.52,-78.39,-82.45,-80.89,-83.79,-79.01,-79.08,-82.88,-84.19,-77.84,-77.87,-76.69,-81.60,-80.26,-79.78,-75.76,-77.30,-82.83,-81.45,-79.52,-78.56,-77.65,-79.14,-77.37,-81.53,-84.24,-81.25,-78.09,-78.53,-81.15,-80.76,-79.83,-82.17,-82.02,-84.72,-81.29,-78.45,-77.94,-79.55,-81.81,-79.38,-78.39,-79.00,-83.61,-75.63,-75.43,-78.75,-80.26,-80.36,-81.96,-81.17,-79.82,-79.01,-77.55,-80.24,-78.56,-79.47,-79.60,-77.29,-85.74,-75.14,-78.08,-81.02,-79.99,-80.08,-79.82,-81.85,-77.95,-78.08,-82.48,-82.15,-83.95,-80.24,-82.25,-84.40,-78.98,-80.87,-81.43,-78.18,-78.64,-85.89,-79.65,-82.41,-82.03,-81.41,-80.61,-78.99,-77.46,-79.87,-75.23,-82.00,-77.30,-78.97,-83.99,-81.59,-78.14,-80.54,-76.67
0,06/20/17,15:12:56,"39°12'16.4160""","-77°49'13.9080""",17.7,M,-80.86,-76.08,-78.97,-77.19,-75.79,-74.88,-75.13,-77.23,-77.13,-78.47,-79.87,-79.33,-84.25,-83.51,-79.35,-84.08,-80.03,-77.36,-81.31,-79.26,-77.29,-76.91,-81.10,-76.75,-82.67,-74.44,-77.77,-76.48,-81.09,-77.68,-80.34,-83.31,-79.44,-82.97,-79.69,-80.45,-77.70,-74.05,-80.11,-81.29,-78.06,-76.10,-78.91,-76.48,-74.94,-74.98,-78.32,-78.73,-79.59,-83.72,-74.35,-82.89,-78.84,-80.17,-78.93,-74.84,-74.38,-77.36,-80.81,-78.08,-79.74,-77.76,-78.67,-79.84,-77.32,-81.80,-78.96,-79.72,-76.35,-76.65,-79.24,-75.62,-75.06,-74.26,-77.69,-82.82,-78.57,-81.24,-79.80,-75.16,-78.27,-79.76,-76.58,-81.76,-77.21,-80.97,-78.40,-80.84,-77.47,-80.35,-76.19,-76.94,-77.65,-78.15,-75.79,-78.84,-75.35,-79.67,-77.74,-82.34,-79.36,-78.20,-77.53,-77.48,-76.18,-78.38,-78.10,-78.19,-75.59,-77.53,-79.33,-84.56,-79.51,-75.42,-74.91,-77.52,-77.49,-76.81,-73.24,-80.36,-79.55,-83.23,-80.81,-77.29,-76.98,-78.60,-80.36,-77.33,-77.75,-76.57,-76.62,-78.48,-81.54,-76.38,-78.28,-77.09,-80.78,-77.05,-79.79,-78.85,-77.32,-77.26,-79.84,-80.07,-77.16,-78.22,-77.76,-78.36,-80.92,-77.20,-81.19,-80.76,-79.36,-80.03,-78.66,-81.83,-76.52,-76.71,-74.24,-74.19,-77.45,-80.07,-80.18,-78.16,-82.05,-80.83,-78.41,-81.58,-78.93,-75.88,-77.78,-76.22,-77.85,-84.13,-76.90,-78.88,-78.02,-79.98,-80.20,-79.37,-74.87,-83.11,-78.09,-78.20,-79.42,-78.50,-77.93,-78.16,-74.83,-76.73,-78.07,-77.90,-82.32,-77.96,-78.52,-75.79,-80.41,-77.28,-76.09,-75.06,-77.92,-73.62,-78.75,-75.35,-76.38,-78.54,-78.41,-79.39,-78.49,-78.32,-79.27,-79.12,-75.21,-76.80,-75.24,-80.61,-78.52,-79.83,-78.58,-74.02,-79.72,-76.76,-77.01,-75.89,-78.18,-74.92,-74.93,-74.50,-79.57,-75.41,-76.32,-76.06,-73.23,-77.89,-78.01,-74.72,-78.02,-76.26,-78.70,-79.35,-76.64,-79.59,-78.01,-77.89,-80.91,-77.82,-80.35,-76.86,-77.91,-75.58,-77.67,-77.54,-80.04,-81.09,-81.06,-81.97,-76.96,-73.55,-73.98,-80.94,-76.81,-77.62,-78.98,-77.38,-79.33,-77.07,-77.92,-75.13,-79.32,-76.21,-79.37,-78.52,-82.01,-81.32,-81.56,-83.70,-75.87,-83.52,-79.91,-79.52,-81.55,-77.08,-76.87,-78.50,-79.22,-78.76,-79.55,-80.67,-77.46,-80.38,-76.98,-80.11,-79.37,-77.62,-75.54,-78.25,-76.91,-77.13,-77.96,-80.87,-74.33,-77.74,-75.02,-78.74,-77.25,-77.05,-77.58,-79.24,-78.47,-79.67,-78.12,-79.18,-77.55,-75.88,-77.24,-77.19,-77.86,-77.00,-73.66,-80.67,-76.20,-73.45,-74.83,-79.17,-78.18,-79.78,-78.10,-78.99,-78.88,-77.18,-79.59,-77.16,-78.38,-79.70,-80.91,-81.19,-78.84,-78.68,-77.93,-80.31,-74.91,-78.89,-76.79,-76.25,-81.77,-71.11,-77.87,-79.68,-77.46,-79.33,-78.92,-80.06,-76.19,-76.18,-78.91,-83.34,-81.21,-78.71,-77.87,-77.92,-79.27,-80.40,-78.28,-78.14,-78.94,-76.32,-74.00,-76.55,-86.03,-75.19,-76.21,-77.30,-76.50,-79.83,-78.46,-76.64,-78.75,-80.86,-77.96,-76.58,-76.79,-76.48,-78.96,-76.14,-79.14,-77.01,-76.97,-80.22,-78.56,-78.80,-85.82,-75.90,-73.76,-75.36,-76.09,-76.98,-81.85,-77.93,-78.89,-78.98,-72.90,-81.07,-76.74,-77.45,-74.83,-74.61,-77.44,-75.50,-75.09,-74.21,-78.64,-78.89,-76.09,-77.75,-76.08,-76.38,-79.82,-79.53,-78.02,-83.22,-77.11,-77.86,-78.02,-75.79,-79.61,-78.09,-79.88,-76.56,-79.13,-79.89,-79.08,-76.99,-83.90,-81.76,-77.31,-78.09,-76.20,-79.59,-74.40,-78.81,-79.91,-77.45,-80.91,-78.49,-78.39,-84.36,-79.39,-85.93,-77.30,-77.22,-79.59,-81.64,-76.02,-74.74,-74.05,-77.11,-77.98,-76.73,-75.82,-76.86,-76.71,-76.71,-80.17,-81.49,-79.98,-76.87,-77.27,-77.52,-77.82,-76.05,-79.64,-80.75,-81.55,-76.63,-81.38,-76.68,-76.34,-76.63,-77.29,-81.13,-76.86,-78.27,-79.06,-79.61,-79.58,-79.15,-78.34,-76.57,-72.96,-76.47,-79.64,-77.93,-82.12,-80.13,-78.22,-78.86,-84.12,-79.54,-84.47,-76.73,-78.97,-75.65,-79.48,-78.91,-76.68,-77.77,-86.03,-75.57,-73.92,-81.72,-80.21,-77.12,-78.52,-81.63,-80.02,-78.90,-77.78,-79.44,-80.25,-78.79,-77.90,-79.03,-82.08,-77.98,-78.09,-78.64,-77.00,-80.00,-79.81,-79.46,-80.54,-82.17,-76.86,-80.34,-79.93,-80.02,-83.49,-82.15,-82.37,-78.61,-82.97,-77.87,-77.34,-78.34,-83.29,-79.47,-83.55,-77.06,-81.39,-78.29,-80.54,-80.18,-77.88,-82.12,-79.04,-77.09,-80.78,-80.86,-79.75,-79.40,-84.62,-82.40,-78.30,-77.14,-76.84,-78.59,-77.57,-76.06,-77.10,-83.31,-78.19,-81.14,-81.27,-81.14,-82.88,-80.57,-81.08,-78.95,-80.31,-83.59,-80.93,-79.86,-81.01,-81.51,-81.27,-81.16,-80.04,-76.00,-80.15,-85.94,-80.60,-80.46,-81.38,-81.64,-80.17,-84.44,-81.45,-80.65,-77.26,-80.00,-80.35,-75.70,-80.68,-76.90,-78.06,-83.50,-80.70,-80.58,-81.46,-78.41,-85.45,-80.93,-81.40,-82.71,-80.13,-79.90,-80.03,-84.83,-78.99,-81.00,-80.00,-77.54,-75.48,-82.15,-77.04,-80.23,-77.88,-77.25,-77.36,-76.78,-76.08,-83.33,-80.05,-79.19,-81.77,-79.94,-79.10,-78.35,-88.79,-84.08,-77.88,-82.19,-82.91,-81.20,-82.38,-83.29,-80.19,-80.92,-81.18,-79.50,-78.57,-82.09,-82.02,-83.09,-80.07,-80.60,-79.90,-75.79,-83.37,-78.61,-79.68,-78.83,-76.81,-77.54,-78.69,-78.38,-75.95,-81.53,-82.06,-80.14,-76.33,-77.79,-80.21,-82.27,-81.04,-75.75,-77.72,-80.83,-79.39,-79.82,-81.84,-77.87,-82.04,-80.56,-79.19,-80.64,-81.50,-83.85,-81.97,-81.24,-78.30,-78.86,-79.19,-82.56,-82.02,-82.40,-78.19,-78.67,-78.98,-82.83,-78.23,-79.33,-78.73,-78.82,-79.30,-82.17,-77.82,-84.02,-84.97,-81.54,-78.88,-79.71,-77.29,-81.06,-81.93,-87.11,-82.90,-78.29,-78.38,-81.16,-79.40,-77.90,-81.62,-83.51,-80.00,-79.48,-78.37,-82.90,-84.13,-82.26,-76.02,-75.90,-78.96,-80.35,-77.73,-80.78,-78.30,-79.03,-77.13,-80.87,-85.19,-82.91,-82.71,-80.13,-80.08,-78.15,-80.00,-80.72,-81.53,-76.85,-81.22,-81.48,-78.63,-81.41,-81.86,-80.63,-79.26,-81.45,-76.63,-78.88,-81.55,-81.62,-79.46,-79.37,-79.43,-81.66,-77.30,-79.56,-78.35,-78.39,-81.30,-77.48,-79.07,-78.54,-79.86,-79.11,-79.07,-75.12,-76.37,-77.02,-78.39,-78.87,-81.57,-79.21,-79.40,-81.01,-82.94,-80.51,-77.77,-83.17,-81.16,-80.07,-86.49,-80.38,-80.66,-85.10,-79.29,-77.45,-78.87,-76.58,-79.75
0,06/20/17,15:13:00,"39°12'16.4160""","-77°49'13.9080""",17.7,M,-79.10,-80.81,-78.03,-82.66,-81.79,-76.98,-78.71,-77.19,-79.37,-78.12,-79.29,-78.06,-76.36,-72.73,-76.62,-79.27,-81.32,-81.26,-80.61,-79.65,-80.58,-83.85,-78.68,-80.91,-81.99,-80.88,-76.57,-81.68,-75.44,-78.48,-78.71,-82.36,-80.86,-79.13,-78.09,-76.08,-78.80,-81.02,-78.82,-76.51,-76.48,-78.68,-75.04,-76.59,-79.65,-78.01,-83.13,-76.83,-77.49,-75.90,-77.59,-78.68,-81.19,-74.54,-81.79,-82.60,-81.47,-79.54,-77.84,-74.40,-79.09,-79.82,-79.27,-77.41,-75.90,-75.97,-77.68,-78.22,-79.55,-75.97,-81.18,-76.59,-78.03,-77.27,-78.06,-80.24,-85.70,-79.66,-81.01,-82.63,-83.47,-76.18,-79.92,-78.34,-78.12,-77.32,-79.53,-84.83,-79.12,-76.45,-77.77,-78.73,-79.63,-80.34,-81.10,-77.22,-82.78,-76.80,-81.80,-75.48,-77.60,-79.61,-80.08,-76.85,-77.86,-80.27,-79.12,-78.59,-76.62,-76.47,-78.29,-83.30,-77.20,-78.65,-75.86,-80.79,-81.18,-73.11,-81.99,-81.81,-76.80,-75.43,-77.12,-77.16,-78.81,-77.43,-76.07,-80.93,-75.22,-76.25,-76.26,-78.46,-78.82,-77.23,-78.46,-80.39,-80.71,-80.69,-79.37,-75.79,-78.96,-78.54,-79.02,-78.22,-76.43,-79.33,-79.76,-74.96,-76.58,-79.96,-77.08,-79.53,-78.75,-79.60,-75.71,-77.50,-77.94,-80.64,-77.82,-74.89,-76.84,-73.84,-72.56,-78.06,-78.02,-74.67,-78.40,-79.26,-79.67,-76.41,-76.92,-72.21,-73.86,-79.77,-78.40,-77.57,-81.24,-76.74,-77.60,-77.19,-80.07,-78.84,-77.55,-77.46,-76.08,-78.54,-82.82,-77.40,-75.65,-79.16,-83.11,-81.72,-78.88,-76.16,-76.88,-77.55,-80.14,-80.87,-81.35,-78.61,-75.12,-79.13,-75.74,-81.51,-74.61,-78.84,-77.60,-78.20,-77.83,-82.79,-74.72,-80.83,-80.22,-79.22,-77.64,-79.69,-84.73,-80.27,-78.57,-76.02,-74.39,-76.42,-81.65,-77.27,-80.58,-79.09,-77.40,-75.96,-73.93,-75.90,-78.94,-79.30,-80.42,-76.92,-81.12,-76.66,-79.21,-77.13,-80.41,-74.86,-75.76,-76.04,-72.84,-80.86,-79.20,-80.68,-77.09,-79.46,-80.76,-80.18,-74.92,-77.28,-77.00,-76.79,-82.51,-74.10,-80.96,-72.39,-76.58,-78.09,-78.90,-78.05,-77.33,-77.41,-78.10,-81.88,-81.57,-79.99,-76.55,-77.48,-77.47,-77.17,-77.42,-78.89,-77.08,-74.04,-79.14,-79.47,-77.24,-79.74,-76.34,-77.67,-75.52,-78.15,-78.47,-76.36,-81.96,-74.92,-75.31,-77.32,-76.79,-77.26,-75.69,-77.63,-77.11,-76.66,-76.42,-77.38,-77.01,-83.50,-79.73,-77.90,-74.96,-77.16,-78.34,-74.12,-80.13,-75.01,-73.96,-79.92,-79.45,-76.41,-81.89,-74.65,-80.20,-81.20,-78.92,-75.12,-75.63,-78.25,-77.12,-78.14,-78.00,-72.32,-80.20,-76.21,-76.45,-77.80,-77.51,-76.66,-80.07,-75.65,-77.61,-79.81,-78.82,-79.02,-78.01,-78.67,-79.57,-75.23,-74.65,-74.51,-77.46,-76.62,-75.42,-75.44,-75.59,-77.09,-78.19,-75.91,-73.83,-79.25,-76.97,-78.22,-77.31,-82.32,-79.42,-80.38,-74.86,-73.42,-77.53,-75.35,-78.77,-81.14,-81.00,-78.22,-79.34,-75.13,-76.41,-78.22,-80.51,-76.62,-78.24,-73.90,-79.14,-79.08,-79.55,-80.23,-78.94,-75.87,-78.47,-79.38,-76.61,-76.42,-76.96,-78.03,-77.81,-78.44,-75.03,-79.93,-78.74,-82.17,-76.43,-77.49,-77.22,-76.81,-79.30,-82.25,-80.11,-76.07,-77.03,-80.33,-76.87,-78.34,-82.93,-79.29,-77.28,-78.03,-80.14,-80.10,-80.47,-77.06,-79.07,-80.56,-79.36,-78.94,-79.00,-80.02,-76.84,-78.40,-79.25,-88.62,-79.05,-79.58,-76.89,-81.66,-81.81,-79.25,-78.02,-77.57,-77.08,-77.98,-79.82,-78.05,-80.15,-79.16,-77.87,-78.06,-76.97,-77.43,-75.43,-76.17,-76.89,-77.10,-80.83,-78.95,-80.18,-81.41,-82.80,-79.13,-79.78,-80.50,-85.91,-80.55,-74.85,-77.13,-81.59,-75.38,-74.86,-74.77,-78.86,-77.59,-80.39,-77.54,-81.73,-75.46,-79.95,-82.52,-80.48,-77.79,-77.93,-75.38,-76.69,-80.79,-78.88,-79.21,-77.42,-76.83,-81.18,-78.91,-76.62,-77.03,-77.36,-78.49,-80.44,-78.57,-81.17,-78.03,-85.48,-78.41,-79.82,-81.67,-79.84,-76.93,-78.93,-78.11,-79.91,-80.06,-79.10,-75.44,-76.49,-80.02,-78.44,-78.50,-82.60,-75.83,-77.44,-77.08,-79.57,-80.34,-76.93,-81.22,-80.10,-81.22,-75.72,-77.49,-78.63,-79.38,-82.29,-81.54,-78.28,-76.18,-77.80,-79.62,-81.53,-77.07,-81.81,-79.82,-76.22,-81.00,-82.05,-73.71,-75.08,-77.37,-82.54,-79.28,-77.59,-80.06,-75.03,-81.88,-84.04,-79.19,-81.15,-79.79,-77.32,-80.23,-78.42,-76.19,-75.41,-83.93,-76.33,-80.12,-77.68,-81.96,-80.93,-78.88,-82.28,-78.66,-81.08,-75.31,-82.60,-77.33,-77.35,-80.56,-79.75,-81.43,-77.25,-77.31,-76.23,-80.44,-81.32,-80.13,-77.06,-80.78,-79.86,-80.84,-79.88,-77.81,-78.53,-81.28,-81.17,-80.31,-81.48,-76.79,-78.70,-84.20,-82.18,-85.37,-74.78,-81.82,-85.58,-76.68,-78.01,-82.97,-78.66,-78.00,-78.43,-79.22,-79.08,-77.26,-78.13,-76.25,-78.22,-83.26,-81.83,-83.68,-82.46,-76.70,-80.56,-78.52,-76.83,-77.86,-76.73,-80.23,-76.52,-77.83,-78.50,-78.60,-81.93,-79.03,-78.54,-79.33,-76.19,-78.25,-84.98,-80.38,-80.65,-79.00,-80.16,-77.00,-78.36,-82.27,-78.39,-83.44,-77.18,-78.45,-79.69,-78.46,-79.65,-77.78,-78.21,-82.75,-77.94,-79.00,-82.17,-80.18,-81.14,-79.05,-78.97,-85.16,-75.26,-78.95,-75.27,-78.99,-76.30,-77.69,-79.54,-80.85,-84.25,-81.47,-77.41,-82.13,-79.32,-79.63,-78.19,-77.46,-80.64,-78.74,-83.17,-82.51,-84.14,-80.64,-82.08,-79.17,-83.69,-80.31,-83.48,-81.16,-79.57,-81.34,-80.04,-79.38,-84.00,-78.69,-78.39,-81.95,-78.45,-76.59,-82.88,-75.16,-79.71,-79.04,-78.91,-78.68,-77.44,-81.93,-77.08,-78.25,-83.78,-79.45,-75.19,-76.27,-74.56,-78.90,-80.55,-82.40,-79.64,-78.67,-78.40,-76.68,-79.08,-81.36,-78.30,-79.17,-82.17,-81.98,-74.71,-79.12,-79.50,-76.90,-80.17,-80.61,-83.83,-81.84,-81.19,-79.14,-78.19,-80.00,-81.50,-80.67,-78.31,-82.00,-79.83,-79.68,-82.49,-79.64,-79.77,-80.82,-83.61,-81.70,-75.68,-80.42,-79.33,-85.27,-80.80,-82.46,-80.50,-79.45,-79.79,-81.91,-80.81,-80.92,-79.88,-80.22,-79.10,-81.04,-87.63,-88.38,-80.25,-76.71,-81.20,-78.35,-78.84,-78.41,-79.84,-80.14,-86.65,-79.82,-80.78,-80.37,-79.02,-76.94,-79.38,-78.92,-82.09,-79.39,-78.20,-77.45,-76.91,-78.36,-80.65,-80.59,-76.06,-81.13,-74.80,-79.25,-82.09,-77.26,-79.14,-86.97,-80.65,-81.85,-79.47,-83.26,-86.35,-79.24,-79.20,-83.97,-80.55,-79.70,-79.85
